{"client":"Thunder Client","collectionName":"CommentsRoutes","dateExported":"2024-08-29T11:47:29.961Z","version":"1.1","folders":[],"requests":[{"_id":"1db5c4f1-3b9a-497e-97de-5f7ef4c37f99","colId":"861357c1-a82f-4d86-8070-3839c0bcf457","containerId":"","name":"Postar Comentário","url":"http://localhost:3000/comment","method":"POST","sortNum":10000,"created":"2024-08-29T10:57:10.530Z","modified":"2024-08-29T11:47:11.373Z","headers":[],"params":[],"body":{"type":"json","raw":"{\n  \"title\": \"titulo de comentário\",\n  \"content\": \"conteudo do comentário\",\n  \"published\": true,\n  \"authorId\": 1,\n  \"postId\": 4\n}","form":[]},"tests":[]},{"_id":"60c7b596-9408-47b9-ab76-d3ff43842cb7","colId":"861357c1-a82f-4d86-8070-3839c0bcf457","containerId":"","name":"Get comentários","url":"http://localhost:3000/comments","method":"GET","sortNum":20000,"created":"2024-08-29T10:57:28.082Z","modified":"2024-08-29T10:57:28.082Z","headers":[],"params":[],"tests":[]},{"_id":"85c30c6d-9ad0-4351-a796-93be2ec9b22d","colId":"861357c1-a82f-4d86-8070-3839c0bcf457","containerId":"","name":"Atualizar Comentário","url":"http://localhost:3000/comment/1","method":"PUT","sortNum":30000,"created":"2024-08-29T11:24:16.445Z","modified":"2024-08-29T11:24:16.445Z","headers":[],"params":[],"body":{"type":"json","raw":"{\n  \"title\": \"novo titulo\",\n  \"content\": \"conteudo\",\n  \"published\": true,\n  \"authorId\": 1,\n  \"postId\": 4\n}","form":[]},"tests":[]},{"_id":"87979ddc-b677-44ec-9d85-0e673a2e79aa","colId":"861357c1-a82f-4d86-8070-3839c0bcf457","containerId":"","name":"Deletar comentário","url":"http://localhost:3000/comment/1","method":"DELETE","sortNum":40000,"created":"2024-08-29T11:28:15.197Z","modified":"2024-08-29T11:28:15.197Z","headers":[],"params":[],"tests":[]}]}
